model,roc_auc,accuracy
FT-Transformer,0.8571900097323826,0.7655
ANN,0.8358651409498867,0.8215
TabNet,0.7998306472882745,0.822
Autoencoder + Classifier,0.7645395780989002,0.775
